time_step,L2_error
3.600000E-03, 2.546636E-04
2.160000E-03, 2.500220E-04
1.296000E-03, 2.453652E-04
7.776000E-04, 2.448922E-04
4.665600E-04, 2.447349E-04
2.799360E-04, 2.451709E-04
1.679616E-04, 2.456623E-04
